keys,tr
MEMORY_RUFET_FACE_NAME,Rüfet'in yüzü
MEMORY_RUFET_FACE_DESC,Nehir kıyısında kan kardeşi olduğumuz gün onun gülüşü.
MEMORY_RUFET_FACE_COST,Rüfet'i tanımayacaksın.
MEMORY_MOTHER_NAME_NAME,Annemin adı
MEMORY_MOTHER_NAME_DESC,Her gece ninnimi söyleyen ses. Onun adı...
MEMORY_MOTHER_NAME_COST,Ocakların sıcaklığı daha zayıf iyileştirecek.
MEMORY_SABIR_LESSON_NAME,Sabir'in ilk dersi
MEMORY_SABIR_LESSON_DESC,"""Taç başa değil, omuza konur, şehzadem."""
MEMORY_SABIR_LESSON_COST,Kusursuz kaçış zorlaşacak.
MEMORY_KOZQALA_STREETS_NAME,Közkale'nin sokakları
MEMORY_KOZQALA_STREETS_DESC,"Çarşının baharat kokusu, kervansarayın çanları."
MEMORY_KOZQALA_STREETS_COST,Yol gösteren işaretler sönecek.
MEMORY_FATHER_VOICE_NAME,Babamın sesi
MEMORY_FATHER_VOICE_DESC,"Kral olmadan önce, sadece bir baba olduğu yıllar."
MEMORY_FATHER_VOICE_COST,Yankılar susacak.
MEMORY_FIRST_SWORD_NAME,İlk kılıcım
MEMORY_FIRST_SWORD_DESC,Şahbaz'ın bana hediye ettiği tahta kılıç.
MEMORY_FIRST_SWORD_COST,Ağır darben zayıflayacak.
MENU_OVERWRITE_TITLE,Kayıt yuvaları dolu
MENU_OVERWRITE_BODY,Boş kayıt yuvası kalmadı. Yeni oyun %s üzerine yazılacak (son oynama: %s). Bu kayıt geri gelmez.
MENU_SLOT_NAME,Yuva %d
MENU_OVERWRITE_CONFIRM,Üzerine yaz
MENU_CANCEL,Vazgeç
MENU_TITLE,ASHES OF THE CROWN
MENU_SUBTITLE,Tacın Külleri
MENU_CONTINUE,Devam et
MENU_NEW_GAME,Yeni oyun
MENU_LOAD_FAILED,Kayıt yüklenemedi: dosya bozuk. Başka bir kayıt yoksa yeni oyun başlatabilirsin.
MENU_FOOTER,Prototip · Bölüm 1: İlk sabah
MENU_SETTINGS,Ayarlar
MENU_QUIT,Çıkış
ENC_TEST_WAVE_1,Deneme karşılaşması — 1. dalga
ENC_TEST_WAVE_2,Deneme karşılaşması — 2. dalga
ENC_TEST_WAVE_3,Deneme karşılaşması — son dalga
ENC_CLEARED,Kül yatıştı.
PROTAGONIST_NAME,Aras
NAME_FORGOTTEN,———
MEMORY_OWN_NAME_NAME,Kendi adım (placeholder)
MEMORY_OWN_NAME_DESC,(placeholder — bu hatırayı hikâye yazacak)
MEMORY_OWN_NAME_COST,(placeholder) Adın senden silinir.
ECHO_TEST_TITLE,Yankı (placeholder)
ECHO_TEST_OBJECTIVE,Közleri takip et (placeholder)
ECHO_TEST_PROMPT,"Bu hatıra geri döndü. Onu sakla, ya da ateşe ver. (placeholder)"
ECHO_KEEP,Sakla — hatırla
ECHO_BURN,Yak — basılı tut
ECHO_KEEP_HINT,[E] sakla
ECHO_BURN_HINT,[Q] basılı tut: yak
ECHO_FIRE_POWER,Ateş gücü: +%d
ECHO_PROMPT_EMBER,[E]  Köze dokun
ECHO_KEPT,Hatıra saklandı.
ECHO_BURNED,Hatıra yandı.
NPC_RUFET_NAME,"Rüfet"
NPC_SABIR_NAME,"Sabir"
NPC_SAHBAZ_NAME,"Şahbaz"
NPC_ELVIN_NAME,"Elvin"
NPC_ESREF_NAME,"Eşref"
NPC_IBRAHIM_NAME,"İbrahim"
NPC_EHLIMAN_NAME,"Ehliman"
NPC_KUL_SAHI_NAME,"Kül Şahı"
ALLY_HELP_PROMPT,"[E]  %s'i kaldır"
ALLY_DOWNED,"%s yere düştü"
WHEEL_HOLD_TO_BURN,"Yakmak için basılı tut"
NPC_NERMIN_NAME,"Nermin"
NPC_SONA_NAME,"Sona"
NPC_DOMRUL_NAME,"Deli Dumrul"
NPC_YADIGAR_NAME,"Yadigar"
NPC_AYNA_NAME,"Ayna"
NPC_TURAL_NAME,"Tural"
NPC_PERI_NENE_NAME,"Peri Nene"
NPC_KAMAL_NAME,"Kamal"
NPC_GULCIN_NAME,"Gülçin"
NPC_SAMIR_NAME,"Samir"
NPC_RUFET_EPITHET,"kan kardeşi"
NPC_SONA_EPITHET,"[TBD]"
NPC_ELVIN_EPITHET,"şahın oğlu"
NPC_EHLIMAN_EPITHET,"Köz Tarikatı'nın kâhini"
NPC_IBRAHIM_EPITHET,"saray âlimi"
NPC_SABIR_EPITHET,"yaşlı öğretmen"
NPC_SAHBAZ_EPITHET,"serdar"
NPC_ESREF_EPITHET,"Kartal Dağları'nın beyi"
NPC_NERMIN_EPITHET,"kervan hanımı"
NPC_DOMRUL_EPITHET,"şehrin delisi"
NPC_YADIGAR_EPITHET,"başka bir Közcü"
NPC_AYNA_EPITHET,"kendini bilen gölge"
NPC_TURAL_EPITHET,"Kül Şövalyesi"
NPC_PERI_NENE_EPITHET,"ağıtçı"
NPC_KAMAL_EPITHET,"[TBD]"
NPC_GULCIN_EPITHET,"[TBD]"
NPC_SAMIR_EPITHET,"[TBD]"
NPC_KUL_SAHI_EPITHET,"[TBD]"
